,mean_fit_time,std_fit_time,mean_score_time,std_score_time,param_mnb__alpha,param_preproc,param_vect,param_vect__max_df,params,split0_test_score,split1_test_score,split2_test_score,mean_test_score,std_test_score,rank_test_score,estimator,param_knn__n_neighbors,param_lsvc__penalty,param_sgd__penalty
0,3.449984391530355,0.0806382184401871,1.1355888843536377,0.05927638374965856,1,,TfidfVectorizer(),0.4,"{'mnb__alpha': 1, 'preproc': None, 'vect': TfidfVectorizer(), 'vect__max_df': 0.4}",0.6492576882290562,0.6685229382126757,0.6621585786263591,0.6599797350226969,0.008014486210180194,35,mnb,,,
1,3.283348480860392,0.11295993318885574,1.0444262822469075,0.01711009061057627,1,,TfidfVectorizer(),0.6,"{'mnb__alpha': 1, 'preproc': None, 'vect': TfidfVectorizer(), 'vect__max_df': 0.6}",0.6354718981972428,0.651020949350305,0.6504905860514453,0.6456611445329976,0.007208137853621415,37,mnb,,,
2,2.9937379360198975,0.19728487255652785,1.1950756708780925,0.21827560831903975,1,,TfidfVectorizer(),0.8,"{'mnb__alpha': 1, 'preproc': None, 'vect': TfidfVectorizer(), 'vect__max_df': 0.8}",0.6182396606574762,0.6369663219305224,0.6340493237867939,0.6297517687915976,0.008226935225684216,38,mnb,,,
3,2.7021857102711997,0.2097936782274527,1.449846585591634,0.1266164178120451,1,,TfidfVectorizer(),1.0,"{'mnb__alpha': 1, 'preproc': None, 'vect': TfidfVectorizer(), 'vect__max_df': 1.0}",0.6134676564156946,0.6324582338902148,0.6290108724476267,0.6249789209178453,0.008260467422521903,39,mnb,,,
4,14.944624741872152,0.10310625845827961,6.423816363016765,0.43830087105244614,1,FunctionTransformer(func=<function text_preproc at 0x7f643d9a1f80>),TfidfVectorizer(),0.4,"{'mnb__alpha': 1, 'preproc': FunctionTransformer(func=<function text_preproc at 0x7f643d9a1f80>), 'vect': TfidfVectorizer(), 'vect__max_df': 0.4}",0.6823966065747614,0.6902678334659241,0.6897374701670644,0.6874673034025833,0.0035920556832132306,31,mnb,,,
5,15.14418355623881,0.5912936160084354,6.392073154449463,0.3575471008469628,1,FunctionTransformer(func=<function text_preproc at 0x7f643d9a1f80>),TfidfVectorizer(),0.6,"{'mnb__alpha': 1, 'preproc': FunctionTransformer(func=<function text_preproc at 0x7f643d9a1f80>), 'vect': TfidfVectorizer(), 'vect__max_df': 0.6}",0.6823966065747614,0.6902678334659241,0.6897374701670644,0.6874673034025833,0.0035920556832132306,31,mnb,,,
6,14.323814709981283,0.7464366991876383,5.967422564824422,0.7686865104037696,1,FunctionTransformer(func=<function text_preproc at 0x7f643d9a1f80>),TfidfVectorizer(),0.8,"{'mnb__alpha': 1, 'preproc': FunctionTransformer(func=<function text_preproc at 0x7f643d9a1f80>), 'vect': TfidfVectorizer(), 'vect__max_df': 0.8}",0.6823966065747614,0.6902678334659241,0.6897374701670644,0.6874673034025833,0.0035920556832132306,31,mnb,,,
7,12.660119215647379,0.19619325427502782,5.163534800211589,0.13699412731273936,1,FunctionTransformer(func=<function text_preproc at 0x7f643d9a1f80>),TfidfVectorizer(),1.0,"{'mnb__alpha': 1, 'preproc': FunctionTransformer(func=<function text_preproc at 0x7f643d9a1f80>), 'vect': TfidfVectorizer(), 'vect__max_df': 1.0}",0.6823966065747614,0.6902678334659241,0.6897374701670644,0.6874673034025833,0.0035920556832132306,31,mnb,,,
8,3.404656410217285,0.08499065271034457,1.3731051286061604,0.08024999545579249,0.1,,TfidfVectorizer(),0.4,"{'mnb__alpha': 0.1, 'preproc': None, 'vect': TfidfVectorizer(), 'vect__max_df': 0.4}",0.7290562036055143,0.7403871652081676,0.739591620259878,0.7363449963578533,0.005164177751982062,9,mnb,,,
9,3.503063201904297,0.18604994223222263,1.146382252375285,0.24234292637861896,0.1,,TfidfVectorizer(),0.6,"{'mnb__alpha': 0.1, 'preproc': None, 'vect': TfidfVectorizer(), 'vect__max_df': 0.6}",0.7287910922587487,0.7380005303632988,0.7374701670644391,0.7347539298954956,0.004221918664844836,10,mnb,,,
10,3.337367375691732,0.061226612855770184,0.9702027638753256,0.028399414820568035,0.1,,TfidfVectorizer(),0.8,"{'mnb__alpha': 0.1, 'preproc': None, 'vect': TfidfVectorizer(), 'vect__max_df': 0.8}",0.7261399787910923,0.7350835322195705,0.7337576239724211,0.7316603783276946,0.0039408642413184865,15,mnb,,,
11,3.31105637550354,0.15553684764554984,0.9834025700887045,0.058132159756191466,0.1,,TfidfVectorizer(),1.0,"{'mnb__alpha': 0.1, 'preproc': None, 'vect': TfidfVectorizer(), 'vect__max_df': 1.0}",0.7245493107104984,0.7342879872712809,0.7350835322195705,0.7313069434004499,0.0047893926281880415,16,mnb,,,
12,13.2766592502594,0.35601624202548693,6.068694512049357,0.15212900167792798,0.1,FunctionTransformer(func=<function text_preproc at 0x7f643d9a1f80>),TfidfVectorizer(),0.4,"{'mnb__alpha': 0.1, 'preproc': FunctionTransformer(func=<function text_preproc at 0x7f643d9a1f80>), 'vect': TfidfVectorizer(), 'vect__max_df': 0.4}",0.7234888653234358,0.7332272606735614,0.7337576239724211,0.7301579166564727,0.004720699494016086,17,mnb,,,
13,13.173881610234579,0.12189598295708778,6.21070925394694,0.24665755561607042,0.1,FunctionTransformer(func=<function text_preproc at 0x7f643d9a1f80>),TfidfVectorizer(),0.6,"{'mnb__alpha': 0.1, 'preproc': FunctionTransformer(func=<function text_preproc at 0x7f643d9a1f80>), 'vect': TfidfVectorizer(), 'vect__max_df': 0.6}",0.7234888653234358,0.7332272606735614,0.7337576239724211,0.7301579166564727,0.004720699494016086,17,mnb,,,
14,12.867240111033121,0.13947157422401468,6.093449513117473,0.3026855342795075,0.1,FunctionTransformer(func=<function text_preproc at 0x7f643d9a1f80>),TfidfVectorizer(),0.8,"{'mnb__alpha': 0.1, 'preproc': FunctionTransformer(func=<function text_preproc at 0x7f643d9a1f80>), 'vect': TfidfVectorizer(), 'vect__max_df': 0.8}",0.7234888653234358,0.7332272606735614,0.7337576239724211,0.7301579166564727,0.004720699494016086,17,mnb,,,
15,12.64017367362976,0.267072138424834,6.201922416687012,0.24292482471963095,0.1,FunctionTransformer(func=<function text_preproc at 0x7f643d9a1f80>),TfidfVectorizer(),1.0,"{'mnb__alpha': 0.1, 'preproc': FunctionTransformer(func=<function text_preproc at 0x7f643d9a1f80>), 'vect': TfidfVectorizer(), 'vect__max_df': 1.0}",0.7234888653234358,0.7332272606735614,0.7337576239724211,0.7301579166564727,0.004720699494016086,17,mnb,,,
16,3.441282590230306,0.030525080957059702,0.9894110361735026,0.050239917673637724,0.01,,TfidfVectorizer(),0.4,"{'mnb__alpha': 0.01, 'preproc': None, 'vect': TfidfVectorizer(), 'vect__max_df': 0.4}",0.7473488865323435,0.7597454256165473,0.7639883320074251,0.7570275480521054,0.007059647312768817,4,mnb,,,
17,3.5101165771484375,0.112058999191511,1.408834457397461,0.312671221681461,0.01,,TfidfVectorizer(),0.6,"{'mnb__alpha': 0.01, 'preproc': None, 'vect': TfidfVectorizer(), 'vect__max_df': 0.6}",0.7478791092258749,0.760275788915407,0.7650490586051445,0.7577346522488089,0.007236243136251385,1,mnb,,,
18,3.356407721837362,0.18881231757526176,1.5013007322947185,0.17210733953605245,0.01,,TfidfVectorizer(),0.8,"{'mnb__alpha': 0.01, 'preproc': None, 'vect': TfidfVectorizer(), 'vect__max_df': 0.8}",0.7478791092258749,0.7597454256165473,0.7642535136568549,0.7572926828330924,0.006906144147963103,2,mnb,,,
19,2.989443858464559,0.013678253097313926,1.4976905981699626,0.11542331799521782,0.01,,TfidfVectorizer(),1.0,"{'mnb__alpha': 0.01, 'preproc': None, 'vect': TfidfVectorizer(), 'vect__max_df': 1.0}",0.7481442205726405,0.7594802439671174,0.7639883320074251,0.7572042655157277,0.006665534498340992,3,mnb,,,
20,13.297444423039755,0.3145658952891036,6.491379817326863,0.29777812872691656,0.01,FunctionTransformer(func=<function text_preproc at 0x7f643d9a1f80>),TfidfVectorizer(),0.4,"{'mnb__alpha': 0.01, 'preproc': FunctionTransformer(func=<function text_preproc at 0x7f643d9a1f80>), 'vect': TfidfVectorizer(), 'vect__max_df': 0.4}",0.722693531283139,0.7342879872712809,0.7398568019093079,0.7322794401545759,0.007149366442177301,11,mnb,,,
21,13.469197114308676,0.5633069183241025,6.68143614133199,0.3985354618380437,0.01,FunctionTransformer(func=<function text_preproc at 0x7f643d9a1f80>),TfidfVectorizer(),0.6,"{'mnb__alpha': 0.01, 'preproc': FunctionTransformer(func=<function text_preproc at 0x7f643d9a1f80>), 'vect': TfidfVectorizer(), 'vect__max_df': 0.6}",0.722693531283139,0.7342879872712809,0.7398568019093079,0.7322794401545759,0.007149366442177301,11,mnb,,,
22,12.939391215642294,0.2286829173575703,6.342965602874756,0.3404416769498428,0.01,FunctionTransformer(func=<function text_preproc at 0x7f643d9a1f80>),TfidfVectorizer(),0.8,"{'mnb__alpha': 0.01, 'preproc': FunctionTransformer(func=<function text_preproc at 0x7f643d9a1f80>), 'vect': TfidfVectorizer(), 'vect__max_df': 0.8}",0.722693531283139,0.7342879872712809,0.7398568019093079,0.7322794401545759,0.007149366442177301,11,mnb,,,
23,12.531720320383707,0.24857213662030211,6.406163454055786,0.14619700392793902,0.01,FunctionTransformer(func=<function text_preproc at 0x7f643d9a1f80>),TfidfVectorizer(),1.0,"{'mnb__alpha': 0.01, 'preproc': FunctionTransformer(func=<function text_preproc at 0x7f643d9a1f80>), 'vect': TfidfVectorizer(), 'vect__max_df': 1.0}",0.722693531283139,0.7342879872712809,0.7398568019093079,0.7322794401545759,0.007149366442177301,11,mnb,,,
24,2.6877353191375732,0.2279696594955068,1.583722670873006,0.09002833208012312,0.001,,TfidfVectorizer(),0.4,"{'mnb__alpha': 0.001, 'preproc': None, 'vect': TfidfVectorizer(), 'vect__max_df': 0.4}",0.7330328738069989,0.7446300715990454,0.7541766109785203,0.7439465187948548,0.008645416462753797,8,mnb,,,
25,3.4327258268992105,0.3724108246897983,1.2567246754964192,0.27282403277846995,0.001,,TfidfVectorizer(),0.6,"{'mnb__alpha': 0.001, 'preproc': None, 'vect': TfidfVectorizer(), 'vect__max_df': 0.6}",0.7332979851537645,0.7448952532484752,0.7541766109785203,0.7441232831269201,0.008541124339881325,7,mnb,,,
26,3.3599470456441245,0.16177023237158955,1.1570573647816975,0.2134734934998134,0.001,,TfidfVectorizer(),0.8,"{'mnb__alpha': 0.001, 'preproc': None, 'vect': TfidfVectorizer(), 'vect__max_df': 0.8}",0.7330328738069989,0.7443648899496155,0.7552373375762397,0.7442117004442846,0.009065581543702876,6,mnb,,,
27,3.4338761965433755,0.1828375635605877,1.5575753053029378,0.06815721143768073,0.001,,TfidfVectorizer(),1.0,"{'mnb__alpha': 0.001, 'preproc': None, 'vect': TfidfVectorizer(), 'vect__max_df': 1.0}",0.7327677624602333,0.7451604348979051,0.75470697427738,0.7442117238785061,0.00898173306358164,5,mnb,,,
28,13.35183835029602,0.36499124261008503,6.4333109855651855,0.12184100577635139,0.001,FunctionTransformer(func=<function text_preproc at 0x7f643d9a1f80>),TfidfVectorizer(),0.4,"{'mnb__alpha': 0.001, 'preproc': FunctionTransformer(func=<function text_preproc at 0x7f643d9a1f80>), 'vect': TfidfVectorizer(), 'vect__max_df': 0.4}",0.7126193001060446,0.7159904534606205,0.7260673561389552,0.7182257032352067,0.005713131594970027,21,mnb,,,
29,12.909910440444946,0.1881052735458586,6.5361729462941485,0.20761243914454497,0.001,FunctionTransformer(func=<function text_preproc at 0x7f643d9a1f80>),TfidfVectorizer(),0.6,"{'mnb__alpha': 0.001, 'preproc': FunctionTransformer(func=<function text_preproc at 0x7f643d9a1f80>), 'vect': TfidfVectorizer(), 'vect__max_df': 0.6}",0.7126193001060446,0.7159904534606205,0.7260673561389552,0.7182257032352067,0.005713131594970027,21,mnb,,,
30,12.930901209513346,0.8965750167369947,6.493272701899211,0.6296689509152875,0.001,FunctionTransformer(func=<function text_preproc at 0x7f643d9a1f80>),TfidfVectorizer(),0.8,"{'mnb__alpha': 0.001, 'preproc': FunctionTransformer(func=<function text_preproc at 0x7f643d9a1f80>), 'vect': TfidfVectorizer(), 'vect__max_df': 0.8}",0.7126193001060446,0.7159904534606205,0.7260673561389552,0.7182257032352067,0.005713131594970027,21,mnb,,,
31,13.436755259831747,0.18175661415110625,6.175497372945149,0.17106746543858325,0.001,FunctionTransformer(func=<function text_preproc at 0x7f643d9a1f80>),TfidfVectorizer(),1.0,"{'mnb__alpha': 0.001, 'preproc': FunctionTransformer(func=<function text_preproc at 0x7f643d9a1f80>), 'vect': TfidfVectorizer(), 'vect__max_df': 1.0}",0.7126193001060446,0.7159904534606205,0.7260673561389552,0.7182257032352067,0.005713131594970027,21,mnb,,,
32,3.4466189543406167,0.05510870338574814,1.3478192488352458,0.020694978375167702,1,,CountVectorizer(),,"{'mnb__alpha': 1, 'preproc': None, 'vect': CountVectorizer()}",0.5471898197242842,0.5428268363829223,0.5584725536992841,0.5494964032688302,0.006592286569512053,40,mnb,,,
33,13.179080565770468,0.26197683999879434,6.705911000569661,0.4071510352746069,1,FunctionTransformer(func=<function text_preproc at 0x7f643d9a1f80>),CountVectorizer(),,"{'mnb__alpha': 1, 'preproc': FunctionTransformer(func=<function text_preproc at 0x7f643d9a1f80>), 'vect': CountVectorizer()}",0.6572110286320254,0.656589763988332,0.6648103951206576,0.6595370625803384,0.0037374250940068877,36,mnb,,,
34,3.4833977222442627,0.30572166272425805,1.4015439351399739,0.12082188106149161,0.1,,CountVectorizer(),,"{'mnb__alpha': 0.1, 'preproc': None, 'vect': CountVectorizer()}",0.6821314952279958,0.7051180058339963,0.7088305489260143,0.6986933499960021,0.011808669670202018,26,mnb,,,
35,13.758734464645386,0.3927742794840968,6.524446964263916,0.4336549442506285,0.1,FunctionTransformer(func=<function text_preproc at 0x7f643d9a1f80>),CountVectorizer(),,"{'mnb__alpha': 0.1, 'preproc': FunctionTransformer(func=<function text_preproc at 0x7f643d9a1f80>), 'vect': CountVectorizer()}",0.703340402969247,0.7043224608857067,0.711482365420313,0.7063817430917556,0.003628899791190519,25,mnb,,,
36,3.513447364171346,0.0998105151222924,1.6196544965108235,0.11805201471468332,0.01,,CountVectorizer(),,"{'mnb__alpha': 0.01, 'preproc': None, 'vect': CountVectorizer()}",0.6845174973488866,0.7043224608857067,0.7040572792362768,0.6976324124902901,0.00927427731960678,27,mnb,,,
37,13.513611952463785,0.298558192190159,4.597144842147827,0.9452404077685864,0.01,FunctionTransformer(func=<function text_preproc at 0x7f643d9a1f80>),CountVectorizer(),,"{'mnb__alpha': 0.01, 'preproc': FunctionTransformer(func=<function text_preproc at 0x7f643d9a1f80>), 'vect': CountVectorizer()}",0.6956521739130435,0.6963670114028109,0.7006099177936886,0.6975430343698475,0.0021881618786502347,28,mnb,,,
38,3.4301978747049966,0.14207939261742897,1.4996107419331868,0.10129958100779851,0.001,,CountVectorizer(),,"{'mnb__alpha': 0.001, 'preproc': None, 'vect': CountVectorizer()}",0.6808059384941676,0.6963670114028109,0.699814372845399,0.6923291075807926,0.008268762284573263,29,mnb,,,
39,9.746968507766724,2.1463491344985726,2.793081283569336,0.0607681159192748,0.001,FunctionTransformer(func=<function text_preproc at 0x7f643d9a1f80>),CountVectorizer(),,"{'mnb__alpha': 0.001, 'preproc': FunctionTransformer(func=<function text_preproc at 0x7f643d9a1f80>), 'vect': CountVectorizer()}",0.6853128313891834,0.6881463802704852,0.6910633784142137,0.6881741966912941,0.0023477333872938223,30,mnb,,,
0,14.109886884689331,0.26637800757582936,1.001372496287028,0.06569352630408092,,,TfidfVectorizer(),0.4,"{'preproc': None, 'vect': TfidfVectorizer(), 'vect__max_df': 0.4}",0.7465535524920467,0.7629276054097056,0.7573587907716786,0.7556133162244768,0.006797666917591169,2,ridge,,,
1,14.524330536524454,0.15833671942453703,0.974177360534668,0.027235816860039612,,,TfidfVectorizer(),0.6,"{'preproc': None, 'vect': TfidfVectorizer(), 'vect__max_df': 0.6}",0.7468186638388123,0.7634579687085654,0.7581543357199682,0.7561436560891153,0.006940160472236548,1,ridge,,,
2,14.637598276138306,0.2824399572203659,1.3174981276194255,0.15585800336733072,,,TfidfVectorizer(),0.8,"{'preproc': None, 'vect': TfidfVectorizer(), 'vect__max_df': 0.8}",0.7452279957582184,0.7634579687085654,0.7578891540705384,0.7555250395124408,0.007627789399096471,3,ridge,,,
3,13.402601718902588,0.5430524574558288,1.622111161549886,0.07606302047061585,,,TfidfVectorizer(),1.0,"{'preproc': None, 'vect': TfidfVectorizer(), 'vect__max_df': 1.0}",0.7465535524920467,0.7634579687085654,0.7560328825245293,0.7553481345750471,0.006918163615732396,4,ridge,,,
4,20.527485688527424,0.2732267483630836,6.969538291295369,0.4444548536823002,,FunctionTransformer(func=<function text_preproc at 0x7f643d9a1f80>),TfidfVectorizer(),0.4,"{'preproc': FunctionTransformer(func=<function text_preproc at 0x7f643d9a1f80>), 'vect': TfidfVectorizer(), 'vect__max_df': 0.4}",0.721102863202545,0.7284539909838239,0.7316361707769823,0.7270643416544504,0.004411045685427704,8,ridge,,,
5,19.935773611068726,0.7435230904097903,7.081552426020305,0.29414995173540603,,FunctionTransformer(func=<function text_preproc at 0x7f643d9a1f80>),TfidfVectorizer(),0.6,"{'preproc': FunctionTransformer(func=<function text_preproc at 0x7f643d9a1f80>), 'vect': TfidfVectorizer(), 'vect__max_df': 0.6}",0.7213679745493107,0.7284539909838239,0.7324317157252718,0.7274178937528021,0.004575785200834389,6,ridge,,,
6,19.999474207560223,0.6140287854085303,6.653914213180542,0.7883153078447226,,FunctionTransformer(func=<function text_preproc at 0x7f643d9a1f80>),TfidfVectorizer(),0.8,"{'preproc': FunctionTransformer(func=<function text_preproc at 0x7f643d9a1f80>), 'vect': TfidfVectorizer(), 'vect__max_df': 0.8}",0.721898197242842,0.728188809334394,0.732166534075842,0.7274178468843594,0.004227329547402133,7,ridge,,,
7,20.00568397839864,0.183950145374974,5.481526533762614,0.23916153628842396,,FunctionTransformer(func=<function text_preproc at 0x7f643d9a1f80>),TfidfVectorizer(),1.0,"{'preproc': FunctionTransformer(func=<function text_preproc at 0x7f643d9a1f80>), 'vect': TfidfVectorizer(), 'vect__max_df': 1.0}",0.7216330858960763,0.7287191726332538,0.732166534075842,0.727506264201724,0.0043849547915882445,5,ridge,,,
8,49.95966625213623,4.445725256949831,0.63944411277771,0.21681295496333214,,,CountVectorizer(),,"{'preproc': None, 'vect': CountVectorizer()}",0.14528101802757157,0.1458499071864227,0.13709891275523733,0.1427432793230772,0.0039979214752064954,10,ridge,,,
9,34.01705241203308,4.72904681898036,5.110896905263265,1.3104140361133085,,FunctionTransformer(func=<function text_preproc at 0x7f643d9a1f80>),CountVectorizer(),,"{'preproc': FunctionTransformer(func=<function text_preproc at 0x7f643d9a1f80>), 'vect': CountVectorizer()}",0.6002120890774125,0.6178732431715726,0.6096526120392469,0.6092459814294107,0.007215866883660304,9,ridge,,,
0,3.5683613618214927,0.03719394109260909,1.6227514743804932,0.08416454487686968,,,TfidfVectorizer(),0.4,"{'preproc': None, 'vect': TfidfVectorizer(), 'vect__max_df': 0.4}",0.6741781548250265,0.6900026518164943,0.6839034738796075,0.6826947601737094,0.006516615577397152,4,perceptron,,,
1,3.778390089670817,0.2904515897818558,1.602281888326009,0.09360896679812393,,,TfidfVectorizer(),0.6,"{'preproc': None, 'vect': TfidfVectorizer(), 'vect__max_df': 0.6}",0.6845174973488866,0.6990188278971096,0.6929196499602227,0.6921519917354063,0.005944976662684928,2,perceptron,,,
2,4.1390377680460615,0.3130801330574496,1.5351303418477376,0.11003950647554733,,,TfidfVectorizer(),0.8,"{'preproc': None, 'vect': TfidfVectorizer(), 'vect__max_df': 0.8}",0.6890243902439024,0.6926544683107929,0.6958366481039512,0.6925051688862155,0.0027830956417370352,1,perceptron,,,
3,4.36087965965271,0.09113445424795286,1.567325194676717,0.07066000372272584,,,TfidfVectorizer(),1.0,"{'preproc': None, 'vect': TfidfVectorizer(), 'vect__max_df': 1.0}",0.6810710498409331,0.69822328294882,0.6854945637761867,0.68826296552198,0.0072708464118196306,3,perceptron,,,
4,13.923419078191122,0.100974876488246,6.758137385050456,0.1288690367586537,,FunctionTransformer(func=<function text_preproc at 0x7f643d9a1f80>),TfidfVectorizer(),0.4,"{'preproc': FunctionTransformer(func=<function text_preproc at 0x7f643d9a1f80>), 'vect': TfidfVectorizer(), 'vect__max_df': 0.4}",0.651643690349947,0.6664014850172368,0.6542031291434632,0.657416101503549,0.0064389709012377,5,perceptron,,,
5,13.542436520258585,0.5453633561716168,6.829921007156372,0.2743951112276389,,FunctionTransformer(func=<function text_preproc at 0x7f643d9a1f80>),TfidfVectorizer(),0.6,"{'preproc': FunctionTransformer(func=<function text_preproc at 0x7f643d9a1f80>), 'vect': TfidfVectorizer(), 'vect__max_df': 0.6}",0.651643690349947,0.6664014850172368,0.6542031291434632,0.657416101503549,0.0064389709012377,5,perceptron,,,
6,13.778368393580118,0.5900269512731074,6.447472492853801,0.8408453480141145,,FunctionTransformer(func=<function text_preproc at 0x7f643d9a1f80>),TfidfVectorizer(),0.8,"{'preproc': FunctionTransformer(func=<function text_preproc at 0x7f643d9a1f80>), 'vect': TfidfVectorizer(), 'vect__max_df': 0.8}",0.651643690349947,0.6664014850172368,0.6542031291434632,0.657416101503549,0.0064389709012377,5,perceptron,,,
7,14.32505734761556,0.18813298623193733,5.3841179211934405,0.10456082925603112,,FunctionTransformer(func=<function text_preproc at 0x7f643d9a1f80>),TfidfVectorizer(),1.0,"{'preproc': FunctionTransformer(func=<function text_preproc at 0x7f643d9a1f80>), 'vect': TfidfVectorizer(), 'vect__max_df': 1.0}",0.651643690349947,0.6664014850172368,0.6542031291434632,0.657416101503549,0.0064389709012377,5,perceptron,,,
8,6.2946849664052325,0.15968722475534614,1.5356103579203289,0.10203402058210599,,,CountVectorizer(),,"{'preproc': None, 'vect': CountVectorizer()}",0.6413043478260869,0.6412092283214001,0.643330681516839,0.6419480858881087,0.000978413659785107,9,perceptron,,,
9,10.759326140085856,0.7659076774564367,3.0170159339904785,0.6667075547258565,,FunctionTransformer(func=<function text_preproc at 0x7f643d9a1f80>),CountVectorizer(),,"{'preproc': FunctionTransformer(func=<function text_preproc at 0x7f643d9a1f80>), 'vect': CountVectorizer()}",0.6203605514316013,0.6247679660567489,0.6229116945107399,0.6226800706663633,0.0018067582615380628,10,perceptron,,,
0,5.257245302200317,0.29743565164488295,1.0261829694112141,0.08730049065622404,,,TfidfVectorizer(),0.4,"{'preproc': None, 'vect': TfidfVectorizer(), 'vect__max_df': 0.4}",0.7298515376458112,0.741447891805887,0.7364094404667197,0.7359029566394727,0.004747718880467668,3,pa,,,
1,5.302884022394816,0.08442918262490305,0.9990665912628174,0.03923458294981196,,,TfidfVectorizer(),0.6,"{'preproc': None, 'vect': TfidfVectorizer(), 'vect__max_df': 0.6}",0.7287910922587487,0.741447891805887,0.7411827101564572,0.7371405647403643,0.005904961098812903,1,pa,,,
2,5.214080890019734,0.16198421606702296,1.216923475265503,0.2043407713008503,,,TfidfVectorizer(),0.8,"{'preproc': None, 'vect': TfidfVectorizer(), 'vect__max_df': 0.8}",0.7250795334040296,0.7393264386104481,0.7369398037655794,0.733781925260019,0.006230180547521801,4,pa,,,
3,5.194368918736775,0.18517053832653926,1.600629409154256,0.10579569419192915,,,TfidfVectorizer(),1.0,"{'preproc': None, 'vect': TfidfVectorizer(), 'vect__max_df': 1.0}",0.735153764581124,0.7366746221161495,0.7361442588172898,0.7359908818381878,0.0006302884438888907,2,pa,,,
4,14.88228972752889,0.36518032721031585,5.833844502766927,0.1916743288347408,,FunctionTransformer(func=<function text_preproc at 0x7f643d9a1f80>),TfidfVectorizer(),0.4,"{'preproc': FunctionTransformer(func=<function text_preproc at 0x7f643d9a1f80>), 'vect': TfidfVectorizer(), 'vect__max_df': 0.4}",0.6990986214209968,0.705648369132856,0.7096260938743039,0.7047910281427189,0.004340368205871626,5,pa,,,
5,14.335165103276571,0.7247606907945655,6.7939991156260175,0.30593197462486743,,FunctionTransformer(func=<function text_preproc at 0x7f643d9a1f80>),TfidfVectorizer(),0.6,"{'preproc': FunctionTransformer(func=<function text_preproc at 0x7f643d9a1f80>), 'vect': TfidfVectorizer(), 'vect__max_df': 0.6}",0.6977730646871686,0.7043224608857067,0.7085653672765845,0.7035536309498199,0.004439352309974578,7,pa,,,
6,14.01038392384847,0.42300873941248146,6.8524119059244795,0.48678881921970807,,FunctionTransformer(func=<function text_preproc at 0x7f643d9a1f80>),TfidfVectorizer(),0.8,"{'preproc': FunctionTransformer(func=<function text_preproc at 0x7f643d9a1f80>), 'vect': TfidfVectorizer(), 'vect__max_df': 0.8}",0.6972428419936373,0.7051180058339963,0.7053831874834261,0.7025813451036865,0.0037764438226814165,8,pa,,,
7,14.237433115641275,0.27957971936148984,5.22301173210144,0.9587958445330923,,FunctionTransformer(func=<function text_preproc at 0x7f643d9a1f80>),TfidfVectorizer(),1.0,"{'preproc': FunctionTransformer(func=<function text_preproc at 0x7f643d9a1f80>), 'vect': TfidfVectorizer(), 'vect__max_df': 1.0}",0.6975079533404029,0.7051180058339963,0.7085653672765845,0.703730442150328,0.004619567113283234,6,pa,,,
8,6.622655789057414,0.16759727490421442,0.9835480054219564,0.04935496874974689,,,CountVectorizer(),,"{'preproc': None, 'vect': CountVectorizer()}",0.6071049840933191,0.6229116945107399,0.6162821532749934,0.6154329439596842,0.00648094082166859,9,pa,,,
9,10.98692019780477,1.6639227580915033,2.4568470319112143,0.32792127905850743,,FunctionTransformer(func=<function text_preproc at 0x7f643d9a1f80>),CountVectorizer(),,"{'preproc': FunctionTransformer(func=<function text_preproc at 0x7f643d9a1f80>), 'vect': CountVectorizer()}",0.5972958642629904,0.6016971625563511,0.586846990188279,0.5952800056692068,0.0062278765371492455,10,pa,,,
0,3.5847756067911782,0.11085954639576458,166.56421653429666,3.889447753416923,,,TfidfVectorizer(),0.4,"{'knn__n_neighbors': 1, 'preproc': None, 'vect': TfidfVectorizer(), 'vect__max_df': 0.4}",0.13467656415694593,0.14293290904269423,0.14213736409440467,0.13991561243134829,0.003718776058268449,18,knn,1,,
1,3.5040706793467202,0.11104476018126148,179.17135310173035,3.129698299678243,,,TfidfVectorizer(),0.6,"{'knn__n_neighbors': 1, 'preproc': None, 'vect': TfidfVectorizer(), 'vect__max_df': 0.6}",0.13732767762460232,0.14611508883585256,0.14399363564041368,0.1424788007002895,0.003743945567692573,17,knn,1,,
2,4.466467936833699,1.2423715185979245,110.76740272839864,74.38850457123615,,,TfidfVectorizer(),0.8,"{'knn__n_neighbors': 1, 'preproc': None, 'vect': TfidfVectorizer(), 'vect__max_df': 0.8}",0.1460763520678685,0.1530098117210289,0.15221426677273933,0.1504334768538789,0.0030980235895203597,15,knn,1,,
3,6.1072038014729815,0.03793995273476638,5.210941871007283,0.2908955170476544,,,TfidfVectorizer(),1.0,"{'knn__n_neighbors': 1, 'preproc': None, 'vect': TfidfVectorizer(), 'vect__max_df': 1.0}",0.15323435843054084,0.15804826306019623,0.1596393529567754,0.15697399148250415,0.002722931421250685,10,knn,1,,
4,15.615990797678629,7.104507836336116,7.54800542195638,0.27803412064164873,,FunctionTransformer(func=<function text_preproc at 0x7f643d9a1f80>),TfidfVectorizer(),0.4,"{'knn__n_neighbors': 1, 'preproc': FunctionTransformer(func=<function text_preproc at 0x7f643d9a1f80>), 'vect': TfidfVectorizer(), 'vect__max_df': 0.4}",0.14872746553552493,0.15194908512330946,0.15407053831874834,0.15158236299252756,0.0021966596660398688,11,knn,1,,
5,10.319023450215658,1.2249136392147797,7.036415656407674,0.49825549329608887,,FunctionTransformer(func=<function text_preproc at 0x7f643d9a1f80>),TfidfVectorizer(),0.6,"{'knn__n_neighbors': 1, 'preproc': FunctionTransformer(func=<function text_preproc at 0x7f643d9a1f80>), 'vect': TfidfVectorizer(), 'vect__max_df': 0.6}",0.14872746553552493,0.15194908512330946,0.15407053831874834,0.15158236299252756,0.0021966596660398688,11,knn,1,,
6,11.56937050819397,0.06864584970645936,7.2820446491241455,0.3453731923533099,,FunctionTransformer(func=<function text_preproc at 0x7f643d9a1f80>),TfidfVectorizer(),0.8,"{'knn__n_neighbors': 1, 'preproc': FunctionTransformer(func=<function text_preproc at 0x7f643d9a1f80>), 'vect': TfidfVectorizer(), 'vect__max_df': 0.8}",0.14872746553552493,0.15194908512330946,0.15407053831874834,0.15158236299252756,0.0021966596660398688,11,knn,1,,
7,11.241667111714682,2.154376522023551,7.775379498799642,0.6672681935361954,,FunctionTransformer(func=<function text_preproc at 0x7f643d9a1f80>),TfidfVectorizer(),1.0,"{'knn__n_neighbors': 1, 'preproc': FunctionTransformer(func=<function text_preproc at 0x7f643d9a1f80>), 'vect': TfidfVectorizer(), 'vect__max_df': 1.0}",0.14872746553552493,0.15194908512330946,0.15407053831874834,0.15158236299252756,0.0021966596660398688,11,knn,1,,
8,2.412142356236776,0.6944154747097475,4.419192711512248,0.4610858309870982,,,TfidfVectorizer(),0.4,"{'knn__n_neighbors': 5, 'preproc': None, 'vect': TfidfVectorizer(), 'vect__max_df': 0.4}",0.08775185577942736,0.0869795810129939,0.08989657915672236,0.08820933864971454,0.0012340144448326562,26,knn,5,,
9,3.216870069503784,0.1751170243030655,4.981648921966553,0.2535167477404927,,,TfidfVectorizer(),0.6,"{'knn__n_neighbors': 5, 'preproc': None, 'vect': TfidfVectorizer(), 'vect__max_df': 0.6}",0.09013785790031813,0.08777512596128348,0.09095730575444179,0.08962342987201445,0.0013490846788902372,25,knn,5,,
10,2.983585834503174,0.1572557666050197,5.860491832097371,0.276816794293705,,,TfidfVectorizer(),0.8,"{'knn__n_neighbors': 5, 'preproc': None, 'vect': TfidfVectorizer(), 'vect__max_df': 0.8}",0.10206786850477201,0.09652612039246884,0.08459294616812517,0.09439564502178867,0.007291429747622239,20,knn,5,,
11,3.0374855995178223,0.6175997107584965,6.336187918980916,0.20342681901107432,,,TfidfVectorizer(),1.0,"{'knn__n_neighbors': 5, 'preproc': None, 'vect': TfidfVectorizer(), 'vect__max_df': 1.0}",0.10021208907741251,0.10315566162821532,0.09785202863961814,0.100406593115082,0.002169562872245061,19,knn,5,,
12,13.673475980758667,0.39771313281859877,8.331981499989828,0.3466187351012015,,FunctionTransformer(func=<function text_preproc at 0x7f643d9a1f80>),TfidfVectorizer(),0.4,"{'knn__n_neighbors': 5, 'preproc': FunctionTransformer(func=<function text_preproc at 0x7f643d9a1f80>), 'vect': TfidfVectorizer(), 'vect__max_df': 0.4}",0.08907741251325557,0.09016176080615221,0.09360912224874039,0.09094943185604938,0.0019320830803059123,21,knn,5,,
13,13.474989891052246,0.11431441928776889,8.87621259689331,0.35856221807516936,,FunctionTransformer(func=<function text_preproc at 0x7f643d9a1f80>),TfidfVectorizer(),0.6,"{'knn__n_neighbors': 5, 'preproc': FunctionTransformer(func=<function text_preproc at 0x7f643d9a1f80>), 'vect': TfidfVectorizer(), 'vect__max_df': 0.6}",0.08907741251325557,0.09016176080615221,0.09360912224874039,0.09094943185604938,0.0019320830803059123,21,knn,5,,
14,13.10244345664978,0.8721331778645685,8.791683276494345,0.7137054245673348,,FunctionTransformer(func=<function text_preproc at 0x7f643d9a1f80>),TfidfVectorizer(),0.8,"{'knn__n_neighbors': 5, 'preproc': FunctionTransformer(func=<function text_preproc at 0x7f643d9a1f80>), 'vect': TfidfVectorizer(), 'vect__max_df': 0.8}",0.08907741251325557,0.09016176080615221,0.09360912224874039,0.09094943185604938,0.0019320830803059123,21,knn,5,,
15,13.517065842946371,0.4811882014660332,8.63292384147644,0.1967180779785727,,FunctionTransformer(func=<function text_preproc at 0x7f643d9a1f80>),TfidfVectorizer(),1.0,"{'knn__n_neighbors': 5, 'preproc': FunctionTransformer(func=<function text_preproc at 0x7f643d9a1f80>), 'vect': TfidfVectorizer(), 'vect__max_df': 1.0}",0.08907741251325557,0.09016176080615221,0.09360912224874039,0.09094943185604938,0.0019320830803059123,21,knn,5,,
16,3.332402467727661,0.09536285292064711,4.947609504063924,0.1669279644164923,,,TfidfVectorizer(),0.4,"{'knn__n_neighbors': 10, 'preproc': None, 'vect': TfidfVectorizer(), 'vect__max_df': 0.4}",0.08112407211028633,0.07822858658180853,0.07716785998408911,0.07884017289206131,0.001672011155870667,34,knn,10,,
17,3.381070931752523,0.1477983735657905,5.0101096630096436,0.3511932063222596,,,TfidfVectorizer(),0.6,"{'knn__n_neighbors': 10, 'preproc': None, 'vect': TfidfVectorizer(), 'vect__max_df': 0.6}",0.08430540827147402,0.08141076637496686,0.07822858658180853,0.08131492040941647,0.0024817776288823625,29,knn,10,,
18,3.3688175678253174,0.5880424553278308,6.0904756387074785,0.27279012821349974,,,TfidfVectorizer(),0.8,"{'knn__n_neighbors': 10, 'preproc': None, 'vect': TfidfVectorizer(), 'vect__max_df': 0.8}",0.09411452810180276,0.0883054892601432,0.07531158843808008,0.08591053526667536,0.007860851882271607,28,knn,10,,
19,3.687155246734619,0.09597163111090891,6.347031911214192,0.17852735912989093,,,TfidfVectorizer(),1.0,"{'knn__n_neighbors': 10, 'preproc': None, 'vect': TfidfVectorizer(), 'vect__max_df': 1.0}",0.08563096500530222,0.0883054892601432,0.08565367276584461,0.08653004234376334,0.0012554647812023688,27,knn,10,,
20,13.795756498972574,0.4146699619492909,8.624144713083902,0.32080691260586813,,FunctionTransformer(func=<function text_preproc at 0x7f643d9a1f80>),TfidfVectorizer(),0.4,"{'knn__n_neighbors': 10, 'preproc': FunctionTransformer(func=<function text_preproc at 0x7f643d9a1f80>), 'vect': TfidfVectorizer(), 'vect__max_df': 0.4}",0.08271474019088017,0.0784937682312384,0.081145584725537,0.08078469771588519,0.0017419970620568598,30,knn,10,,
21,13.480833848317465,0.03480370235712223,8.496958335240683,0.32994481802058584,,FunctionTransformer(func=<function text_preproc at 0x7f643d9a1f80>),TfidfVectorizer(),0.6,"{'knn__n_neighbors': 10, 'preproc': FunctionTransformer(func=<function text_preproc at 0x7f643d9a1f80>), 'vect': TfidfVectorizer(), 'vect__max_df': 0.6}",0.08271474019088017,0.0784937682312384,0.081145584725537,0.08078469771588519,0.0017419970620568598,30,knn,10,,
22,13.498833656311035,0.6820534335888979,9.08845059076945,0.39215093713916865,,FunctionTransformer(func=<function text_preproc at 0x7f643d9a1f80>),TfidfVectorizer(),0.8,"{'knn__n_neighbors': 10, 'preproc': FunctionTransformer(func=<function text_preproc at 0x7f643d9a1f80>), 'vect': TfidfVectorizer(), 'vect__max_df': 0.8}",0.08271474019088017,0.0784937682312384,0.081145584725537,0.08078469771588519,0.0017419970620568598,30,knn,10,,
23,13.646052519480387,0.7825233644600001,9.01266098022461,0.5287168333908389,,FunctionTransformer(func=<function text_preproc at 0x7f643d9a1f80>),TfidfVectorizer(),1.0,"{'knn__n_neighbors': 10, 'preproc': FunctionTransformer(func=<function text_preproc at 0x7f643d9a1f80>), 'vect': TfidfVectorizer(), 'vect__max_df': 1.0}",0.08271474019088017,0.0784937682312384,0.081145584725537,0.08078469771588519,0.0017419970620568598,30,knn,10,,
24,3.5097574392954507,0.06712230976549612,4.637706438700358,0.09629034849292205,,,TfidfVectorizer(),0.4,"{'knn__n_neighbors': 50, 'preproc': None, 'vect': TfidfVectorizer(), 'vect__max_df': 0.4}",0.0644220572640509,0.06788650225404402,0.06470432246088571,0.06567096065966022,0.0015708568421235638,37,knn,50,,
25,3.6011763413747153,0.21322796147117196,5.382516543070476,0.1015992956358662,,,TfidfVectorizer(),0.6,"{'knn__n_neighbors': 50, 'preproc': None, 'vect': TfidfVectorizer(), 'vect__max_df': 0.6}",0.06468716861081654,0.06417395916202599,0.060991779368867675,0.06328430238057008,0.0016345421997143899,43,knn,50,,
26,3.48887300491333,0.08306296904302231,5.9476362864176435,0.2437025195521212,,,TfidfVectorizer(),0.8,"{'knn__n_neighbors': 50, 'preproc': None, 'vect': TfidfVectorizer(), 'vect__max_df': 0.8}",0.07025450689289502,0.06762132060461416,0.06496950411031556,0.06761511053594159,0.002157597819595184,35,knn,50,,
27,3.6260433991750083,0.14377636696985124,5.847230911254883,0.16431547581508277,,,TfidfVectorizer(),1.0,"{'knn__n_neighbors': 50, 'preproc': None, 'vect': TfidfVectorizer(), 'vect__max_df': 1.0}",0.06866383881230116,0.06656059400689472,0.06523468575974542,0.06681970619298043,0.0014118845581223886,36,knn,50,,
28,12.747093995412191,0.4147624059704985,9.430736462275187,0.5156136084911821,,FunctionTransformer(func=<function text_preproc at 0x7f643d9a1f80>),TfidfVectorizer(),0.4,"{'knn__n_neighbors': 50, 'preproc': FunctionTransformer(func=<function text_preproc at 0x7f643d9a1f80>), 'vect': TfidfVectorizer(), 'vect__max_df': 0.4}",0.0630965005302227,0.06496950411031556,0.06258286926544683,0.06354962463532836,0.001025669719957405,39,knn,50,,
29,13.616360982259115,0.5932778963991642,8.933189551035563,0.18917496390447855,,FunctionTransformer(func=<function text_preproc at 0x7f643d9a1f80>),TfidfVectorizer(),0.6,"{'knn__n_neighbors': 50, 'preproc': FunctionTransformer(func=<function text_preproc at 0x7f643d9a1f80>), 'vect': TfidfVectorizer(), 'vect__max_df': 0.6}",0.0630965005302227,0.06496950411031556,0.06258286926544683,0.06354962463532836,0.001025669719957405,39,knn,50,,
30,13.810683012008667,0.18941956249953704,8.857184410095215,0.1763453287934228,,FunctionTransformer(func=<function text_preproc at 0x7f643d9a1f80>),TfidfVectorizer(),0.8,"{'knn__n_neighbors': 50, 'preproc': FunctionTransformer(func=<function text_preproc at 0x7f643d9a1f80>), 'vect': TfidfVectorizer(), 'vect__max_df': 0.8}",0.0630965005302227,0.06496950411031556,0.06258286926544683,0.06354962463532836,0.001025669719957405,39,knn,50,,
31,13.475381851196289,0.22650537250412892,8.64008625348409,0.18423218456457224,,FunctionTransformer(func=<function text_preproc at 0x7f643d9a1f80>),TfidfVectorizer(),1.0,"{'knn__n_neighbors': 50, 'preproc': FunctionTransformer(func=<function text_preproc at 0x7f643d9a1f80>), 'vect': TfidfVectorizer(), 'vect__max_df': 1.0}",0.0630965005302227,0.06496950411031556,0.06258286926544683,0.06354962463532836,0.001025669719957405,39,knn,50,,
32,3.593675454457601,0.11509191972759811,4.312965552012126,0.06353326386391131,,,TfidfVectorizer(),0.4,"{'knn__n_neighbors': 100, 'preproc': None, 'vect': TfidfVectorizer(), 'vect__max_df': 0.4}",0.056733828207847295,0.06364359586316627,0.060461416070007955,0.06027961338034051,0.002823828538952134,44,knn,100,,
33,3.7410293420155845,0.21999595936178323,5.622105360031128,0.7634878300320793,,,TfidfVectorizer(),0.6,"{'knn__n_neighbors': 100, 'preproc': None, 'vect': TfidfVectorizer(), 'vect__max_df': 0.6}",0.06203605514316013,0.05595332802970034,0.057014054627419784,0.05833447926676009,0.002652989911444247,50,knn,100,,
34,3.8156094551086426,0.12623031259272657,6.619652271270752,0.27282374184410363,,,TfidfVectorizer(),0.8,"{'knn__n_neighbors': 100, 'preproc': None, 'vect': TfidfVectorizer(), 'vect__max_df': 0.8}",0.06230116648992577,0.057279236276849645,0.05940068947228852,0.05966036407968798,0.0020584005024205493,45,knn,100,,
35,3.8082602818806968,0.062131236075663766,6.515681823094686,0.1036787080565079,,,TfidfVectorizer(),1.0,"{'knn__n_neighbors': 100, 'preproc': None, 'vect': TfidfVectorizer(), 'vect__max_df': 1.0}",0.06574761399787911,0.06788650225404402,0.06258286926544683,0.06540566183912332,0.0021786584830414037,38,knn,100,,
36,13.981555223464966,0.3969207575111473,9.091266632080078,0.14882592281650067,,FunctionTransformer(func=<function text_preproc at 0x7f643d9a1f80>),TfidfVectorizer(),0.4,"{'knn__n_neighbors': 100, 'preproc': FunctionTransformer(func=<function text_preproc at 0x7f643d9a1f80>), 'vect': TfidfVectorizer(), 'vect__max_df': 0.4}",0.056733828207847295,0.0588703261734288,0.060196234420578094,0.05860012960061806,0.0014263750877564218,46,knn,100,,
37,13.307660182317099,0.5450171472877406,9.860042572021484,0.7307281422431632,,FunctionTransformer(func=<function text_preproc at 0x7f643d9a1f80>),TfidfVectorizer(),0.6,"{'knn__n_neighbors': 100, 'preproc': FunctionTransformer(func=<function text_preproc at 0x7f643d9a1f80>), 'vect': TfidfVectorizer(), 'vect__max_df': 0.6}",0.056733828207847295,0.0588703261734288,0.060196234420578094,0.05860012960061806,0.0014263750877564218,46,knn,100,,
38,13.983621994654337,1.5000057014466335,9.645085255304972,0.8319851211068904,,FunctionTransformer(func=<function text_preproc at 0x7f643d9a1f80>),TfidfVectorizer(),0.8,"{'knn__n_neighbors': 100, 'preproc': FunctionTransformer(func=<function text_preproc at 0x7f643d9a1f80>), 'vect': TfidfVectorizer(), 'vect__max_df': 0.8}",0.056733828207847295,0.0588703261734288,0.060196234420578094,0.05860012960061806,0.0014263750877564218,46,knn,100,,
39,15.274861574172974,0.4046670398377792,9.270190238952637,0.5553129990015089,,FunctionTransformer(func=<function text_preproc at 0x7f643d9a1f80>),TfidfVectorizer(),1.0,"{'knn__n_neighbors': 100, 'preproc': FunctionTransformer(func=<function text_preproc at 0x7f643d9a1f80>), 'vect': TfidfVectorizer(), 'vect__max_df': 1.0}",0.056733828207847295,0.0588703261734288,0.060196234420578094,0.05860012960061806,0.0014263750877564218,46,knn,100,,
40,3.7296622594197593,0.326691099417837,6.735414346059163,0.26541402479999726,,,CountVectorizer(),,"{'knn__n_neighbors': 1, 'preproc': None, 'vect': CountVectorizer()}",0.20413573700954402,0.20896313975072925,0.2047202333598515,0.2059397033733749,0.00215116784434452,4,knn,1,,
41,14.498639027277628,0.7838399514064508,8.17906149228414,0.4855845714658017,,FunctionTransformer(func=<function text_preproc at 0x7f643d9a1f80>),CountVectorizer(),,"{'knn__n_neighbors': 1, 'preproc': FunctionTransformer(func=<function text_preproc at 0x7f643d9a1f80>), 'vect': CountVectorizer()}",0.27518557794273596,0.27234155396446563,0.2657120127287192,0.2710797148786403,0.003969155063313819,1,knn,1,,
42,3.5503041744232178,0.10526876414702732,6.388827403386434,0.16124768750948285,,,CountVectorizer(),,"{'knn__n_neighbors': 5, 'preproc': None, 'vect': CountVectorizer()}",0.17815482502651114,0.18403606470432246,0.1869530628480509,0.1830479841929615,0.0036591870238976763,7,knn,5,,
43,13.624536514282227,0.3466006003819942,9.367910464604696,0.1219349063126643,,FunctionTransformer(func=<function text_preproc at 0x7f643d9a1f80>),CountVectorizer(),,"{'knn__n_neighbors': 5, 'preproc': FunctionTransformer(func=<function text_preproc at 0x7f643d9a1f80>), 'vect': CountVectorizer()}",0.23356309650053023,0.2222222222222222,0.21957040572792363,0.22511857481689201,0.006068524945923039,2,knn,5,,
44,3.4137848218282065,0.05515931983835797,5.5518410205841064,0.17999712513685806,,,CountVectorizer(),,"{'knn__n_neighbors': 10, 'preproc': None, 'vect': CountVectorizer()}",0.1861081654294804,0.19225669583664812,0.1954388756298064,0.19126791229864495,0.003872880743011723,5,knn,10,,
45,13.777944882710775,0.44094987817336084,9.283695141474405,0.4867216027985763,,FunctionTransformer(func=<function text_preproc at 0x7f643d9a1f80>),CountVectorizer(),,"{'knn__n_neighbors': 10, 'preproc': FunctionTransformer(func=<function text_preproc at 0x7f643d9a1f80>), 'vect': CountVectorizer()}",0.2123541887592789,0.2073720498541501,0.2079024131530098,0.20920955058881294,0.0022341117883934655,3,knn,10,,
46,3.513530651728312,0.019904546188839047,6.374645392100017,0.3130635737905361,,,CountVectorizer(),,"{'knn__n_neighbors': 50, 'preproc': None, 'vect': CountVectorizer()}",0.18266171792152705,0.1850967913020419,0.1896048793423495,0.1857877961886395,0.002876338928090784,6,knn,50,,
47,13.407975355784098,0.20768202137188813,7.429684162139893,0.7983667294667223,,FunctionTransformer(func=<function text_preproc at 0x7f643d9a1f80>),CountVectorizer(),,"{'knn__n_neighbors': 50, 'preproc': FunctionTransformer(func=<function text_preproc at 0x7f643d9a1f80>), 'vect': CountVectorizer()}",0.18398727465535525,0.16706443914081145,0.17024661893396978,0.17376611091004548,0.007343283021025505,9,knn,50,,
48,3.069649616877238,0.49217650535213003,5.693191130956014,0.4673381332428564,,,CountVectorizer(),,"{'knn__n_neighbors': 100, 'preproc': None, 'vect': CountVectorizer()}",0.17444326617179215,0.17157252718111907,0.1832405197560329,0.17641877103631468,0.004964035809995415,8,knn,100,,
49,10.23495602607727,0.2695580269336926,4.2098415692647295,0.0701226712532027,,FunctionTransformer(func=<function text_preproc at 0x7f643d9a1f80>),CountVectorizer(),,"{'knn__n_neighbors': 100, 'preproc': FunctionTransformer(func=<function text_preproc at 0x7f643d9a1f80>), 'vect': CountVectorizer()}",0.14819724284199365,0.1530098117210289,0.1424025457438345,0.14786986676895233,0.004336581157058815,16,knn,100,,
0,70.72611212730408,2.301609235299292,2.3819050788879395,0.05408028345206352,,,TfidfVectorizer(),0.4,"{'preproc': None, 'vect': TfidfVectorizer(), 'vect__max_df': 0.4}",0.6389183457051962,0.6446565897639883,0.6382922301776717,0.640622388548952,0.0028640402401737507,1,rf,,,
1,70.56864205996196,3.2393503526324685,2.3220038414001465,0.11963773658473445,,,TfidfVectorizer(),0.6,"{'preproc': None, 'vect': TfidfVectorizer(), 'vect__max_df': 0.6}",0.6240721102863203,0.6364359586316627,0.6372315035799523,0.6325798574993118,0.0060246463199820875,3,rf,,,
2,71.53623183568318,5.43300135296673,2.327862024307251,0.06329793655856551,,,TfidfVectorizer(),0.8,"{'preproc': None, 'vect': TfidfVectorizer(), 'vect__max_df': 0.8}",0.6200954400848356,0.6372315035799523,0.6369663219305224,0.6314310885317701,0.008016244948484895,5,rf,,,
3,79.51614101727803,1.1378597532526435,2.353082259496053,0.10081964039854724,,,TfidfVectorizer(),1.0,"{'preproc': None, 'vect': TfidfVectorizer(), 'vect__max_df': 1.0}",0.6269883351007424,0.6335189604879342,0.635905595332803,0.6321376303071599,0.0037692118816193823,4,rf,,,
4,68.60709953308105,1.1661244642098303,7.289897282918294,0.3840573792809776,,FunctionTransformer(func=<function text_preproc at 0x7f643d9a1f80>),TfidfVectorizer(),0.4,"{'preproc': FunctionTransformer(func=<function text_preproc at 0x7f643d9a1f80>), 'vect': TfidfVectorizer(), 'vect__max_df': 0.4}",0.6227465535524921,0.6420047732696897,0.6258286926544683,0.63019333982555,0.008446196988980272,7,rf,,,
5,66.823739528656,2.193325359797313,6.956112384796143,0.32098699374906425,,FunctionTransformer(func=<function text_preproc at 0x7f643d9a1f80>),TfidfVectorizer(),0.6,"{'preproc': FunctionTransformer(func=<function text_preproc at 0x7f643d9a1f80>), 'vect': TfidfVectorizer(), 'vect__max_df': 0.6}",0.6259278897136797,0.6438610448156987,0.6287456907981968,0.6328448751091917,0.00787409241288154,2,rf,,,
6,66.69026724497478,2.339178685848112,7.4477598667144775,0.28392799657453205,,FunctionTransformer(func=<function text_preproc at 0x7f643d9a1f80>),TfidfVectorizer(),0.8,"{'preproc': FunctionTransformer(func=<function text_preproc at 0x7f643d9a1f80>), 'vect': TfidfVectorizer(), 'vect__max_df': 0.8}",0.6230116648992576,0.64147440997083,0.6287456907981968,0.6310772552227615,0.0077155852400143,6,rf,,,
7,66.99830023447673,1.8418510409481577,7.6677117347717285,0.21051808224313293,,FunctionTransformer(func=<function text_preproc at 0x7f643d9a1f80>),TfidfVectorizer(),1.0,"{'preproc': FunctionTransformer(func=<function text_preproc at 0x7f643d9a1f80>), 'vect': TfidfVectorizer(), 'vect__max_df': 1.0}",0.6216861081654295,0.6382922301776717,0.6271546009016176,0.6290443130815729,0.006909851959999937,8,rf,,,
8,62.726479848225914,2.314470359157044,0.966759443283081,0.14628254341613167,,,CountVectorizer(),,"{'preproc': None, 'vect': CountVectorizer()}",0.6222163308589608,0.6343145054362238,0.6276849642004774,0.628071933498554,0.004946632925787252,9,rf,,,
9,45.90070756276449,5.784403994915971,3.876892646153768,0.48246493681721925,,FunctionTransformer(func=<function text_preproc at 0x7f643d9a1f80>),CountVectorizer(),,"{'preproc': FunctionTransformer(func=<function text_preproc at 0x7f643d9a1f80>), 'vect': CountVectorizer()}",0.615323435843054,0.6221161495624503,0.6260938743038982,0.6211778199031341,0.004446791582843514,10,rf,,,
0,7.983929634094238,0.49730407056595927,1.1234917640686035,0.2604923121565369,,,TfidfVectorizer(),0.4,"{'lsvc__penalty': 'l1', 'preproc': None, 'vect': TfidfVectorizer(), 'vect__max_df': 0.4}",0.6969777306468717,0.71705118005834,0.7035269159374171,0.7058519422142097,0.008358235587711307,11,lsvc,,l1,
1,8.234867493311564,0.4931872906368746,1.200157880783081,0.3874559867520329,,,TfidfVectorizer(),0.6,"{'lsvc__penalty': 'l1', 'preproc': None, 'vect': TfidfVectorizer(), 'vect__max_df': 0.6}",0.700424178154825,0.7154600901617608,0.7061787324317157,0.7073543335827672,0.006194416357755534,9,lsvc,,l1,
2,10.152893543243408,1.1244355893217743,1.427489995956421,0.2075876831055134,,,TfidfVectorizer(),0.8,"{'lsvc__penalty': 'l1', 'preproc': None, 'vect': TfidfVectorizer(), 'vect__max_df': 0.8}",0.7001590668080594,0.7149297268629011,0.7022010076902678,0.7057632671204095,0.006535052603697947,12,lsvc,,l1,
3,10.149911959966024,1.1911770638130368,1.1337851683298747,0.34937947503871397,,,TfidfVectorizer(),1.0,"{'lsvc__penalty': 'l1', 'preproc': None, 'vect': TfidfVectorizer(), 'vect__max_df': 1.0}",0.7001590668080594,0.7173163617077698,0.7019358260408379,0.7064704181855556,0.0077034661682521995,10,lsvc,,l1,
4,13.678821881612143,2.2940580245662825,6.537803729375203,0.27712458978798843,,FunctionTransformer(func=<function text_preproc at 0x7f643d9a1f80>),TfidfVectorizer(),0.4,"{'lsvc__penalty': 'l1', 'preproc': FunctionTransformer(func=<function text_preproc at 0x7f643d9a1f80>), 'vect': TfidfVectorizer(), 'vect__max_df': 0.4}",0.6749734888653235,0.690533015115354,0.6878811986210555,0.684462567533911,0.006796567425980082,15,lsvc,,l1,
5,15.217149019241333,1.0556379495172432,6.923084576924642,0.49014721166551617,,FunctionTransformer(func=<function text_preproc at 0x7f643d9a1f80>),TfidfVectorizer(),0.6,"{'lsvc__penalty': 'l1', 'preproc': FunctionTransformer(func=<function text_preproc at 0x7f643d9a1f80>), 'vect': TfidfVectorizer(), 'vect__max_df': 0.6}",0.6749734888653235,0.6902678334659241,0.6881463802704852,0.684462567533911,0.006765456446739358,15,lsvc,,l1,
6,16.961024443308514,0.4801452934701939,6.244494040807088,0.5564806215286386,,FunctionTransformer(func=<function text_preproc at 0x7f643d9a1f80>),TfidfVectorizer(),0.8,"{'lsvc__penalty': 'l1', 'preproc': FunctionTransformer(func=<function text_preproc at 0x7f643d9a1f80>), 'vect': TfidfVectorizer(), 'vect__max_df': 0.8}",0.6749734888653235,0.690533015115354,0.6881463802704852,0.6845509614170542,0.006842026592077947,14,lsvc,,l1,
7,18.040500561396282,2.3557885160808643,6.483506361643474,0.627341575161217,,FunctionTransformer(func=<function text_preproc at 0x7f643d9a1f80>),TfidfVectorizer(),1.0,"{'lsvc__penalty': 'l1', 'preproc': FunctionTransformer(func=<function text_preproc at 0x7f643d9a1f80>), 'vect': TfidfVectorizer(), 'vect__max_df': 1.0}",0.6749734888653235,0.690533015115354,0.6884115619199151,0.6846393553001976,0.006889454326129092,13,lsvc,,l1,
8,7.740202109018962,0.9674171215538393,1.5130504767100017,0.1600804250040889,,,TfidfVectorizer(),0.4,"{'lsvc__penalty': 'l2', 'preproc': None, 'vect': TfidfVectorizer(), 'vect__max_df': 0.4}",0.7457582184517497,0.7560328825245293,0.7496685229382126,0.7504865413048306,0.004234307970866069,1,lsvc,,l2,
9,9.285458246866861,0.4222444775335145,1.658876895904541,0.09976106773110649,,,TfidfVectorizer(),0.6,"{'lsvc__penalty': 'l2', 'preproc': None, 'vect': TfidfVectorizer(), 'vect__max_df': 0.6}",0.7436373276776246,0.7544417926279502,0.750994431185362,0.7496911838303122,0.004506140696652128,2,lsvc,,l2,
10,11.627445538838705,0.4236252571075251,1.3218005498250325,0.1514480859009779,,,TfidfVectorizer(),0.8,"{'lsvc__penalty': 'l2', 'preproc': None, 'vect': TfidfVectorizer(), 'vect__max_df': 0.8}",0.7428419936373277,0.7557677008750995,0.7499337045876425,0.7495144663666898,0.005285218217732479,3,lsvc,,l2,
11,10.922366301218668,0.19063484938901853,1.4255400498708088,0.08718016857107733,,,TfidfVectorizer(),1.0,"{'lsvc__penalty': 'l2', 'preproc': None, 'vect': TfidfVectorizer(), 'vect__max_df': 1.0}",0.7428419936373277,0.7541766109785203,0.7507292495359321,0.7492492847172599,0.00474419711972399,4,lsvc,,l2,
12,15.884413480758667,0.9208256925255797,6.322681109110515,0.7345789603282656,,FunctionTransformer(func=<function text_preproc at 0x7f643d9a1f80>),TfidfVectorizer(),0.4,"{'lsvc__penalty': 'l2', 'preproc': FunctionTransformer(func=<function text_preproc at 0x7f643d9a1f80>), 'vect': TfidfVectorizer(), 'vect__max_df': 0.4}",0.7171261930010604,0.724476266242376,0.7234155396446565,0.721672666296031,0.0032438762610173654,5,lsvc,,l2,
13,18.356916507085163,1.6856450997083992,6.771037260691325,0.24627819743455281,,FunctionTransformer(func=<function text_preproc at 0x7f643d9a1f80>),TfidfVectorizer(),0.6,"{'lsvc__penalty': 'l2', 'preproc': FunctionTransformer(func=<function text_preproc at 0x7f643d9a1f80>), 'vect': TfidfVectorizer(), 'vect__max_df': 0.6}",0.7171261930010604,0.724476266242376,0.7234155396446565,0.721672666296031,0.0032438762610173654,5,lsvc,,l2,
14,16.81354284286499,0.5150290679157927,6.928898175557454,0.4025833069708078,,FunctionTransformer(func=<function text_preproc at 0x7f643d9a1f80>),TfidfVectorizer(),0.8,"{'lsvc__penalty': 'l2', 'preproc': FunctionTransformer(func=<function text_preproc at 0x7f643d9a1f80>), 'vect': TfidfVectorizer(), 'vect__max_df': 0.8}",0.7171261930010604,0.724476266242376,0.7234155396446565,0.721672666296031,0.0032438762610173654,5,lsvc,,l2,
15,17.035716772079468,0.43846612666268675,5.764270305633545,0.19663724988554906,,FunctionTransformer(func=<function text_preproc at 0x7f643d9a1f80>),TfidfVectorizer(),1.0,"{'lsvc__penalty': 'l2', 'preproc': FunctionTransformer(func=<function text_preproc at 0x7f643d9a1f80>), 'vect': TfidfVectorizer(), 'vect__max_df': 1.0}",0.7171261930010604,0.724476266242376,0.7234155396446565,0.721672666296031,0.0032438762610173654,5,lsvc,,l2,
16,87.95880126953125,2.4928802584011014,1.229293425877889,0.14606840229172605,,,CountVectorizer(),,"{'lsvc__penalty': 'l1', 'preproc': None, 'vect': CountVectorizer()}",0.6370625662778366,0.654733492442323,0.6465128613099973,0.6461029733433856,0.007219945243862647,17,lsvc,,l1,
17,55.43113136291504,2.026720981367066,7.440247297286987,0.5022674164765316,,FunctionTransformer(func=<function text_preproc at 0x7f643d9a1f80>),CountVectorizer(),,"{'lsvc__penalty': 'l1', 'preproc': FunctionTransformer(func=<function text_preproc at 0x7f643d9a1f80>), 'vect': CountVectorizer()}",0.6246023329798516,0.6446565897639883,0.6284805091487669,0.6325798106308689,0.008685102504553293,19,lsvc,,l1,
18,105.0002502600352,7.6756042899550785,0.9961598714192709,0.4528744269699829,,,CountVectorizer(),,"{'lsvc__penalty': 'l2', 'preproc': None, 'vect': CountVectorizer()}",0.6275185577942736,0.6486343145054362,0.6420047732696897,0.6393858818564665,0.008817132547752059,18,lsvc,,l2,
19,83.31893515586853,2.921264964595072,3.1256443659464517,0.5662446549788,,FunctionTransformer(func=<function text_preproc at 0x7f643d9a1f80>),CountVectorizer(),,"{'lsvc__penalty': 'l2', 'preproc': FunctionTransformer(func=<function text_preproc at 0x7f643d9a1f80>), 'vect': CountVectorizer()}",0.6015376458112407,0.6221161495624503,0.6101829753381066,0.6112789235705992,0.008436805519305073,20,lsvc,,l2,
0,4.94322141011556,0.1090220939427255,1.5833534399668376,0.11523836926450094,,,TfidfVectorizer(),0.4,"{'preproc': None, 'sgd__penalty': 'l1', 'vect': TfidfVectorizer(), 'vect__max_df': 0.4}",0.6707317073170732,0.6839034738796075,0.6661363033678069,0.6735904948548294,0.007529833404016783,10,sgd,,,l1
1,5.317543983459473,0.17326494363845463,1.5473482608795166,0.07296169115247937,,,TfidfVectorizer(),0.6,"{'preproc': None, 'sgd__penalty': 'l1', 'vect': TfidfVectorizer(), 'vect__max_df': 0.6}",0.6577412513255567,0.6799257491381596,0.6685229382126757,0.6687299795587974,0.009057966489545675,12,sgd,,,l1
2,5.70693039894104,0.525174383372528,1.4199373722076416,0.32023859237111024,,,TfidfVectorizer(),0.8,"{'preproc': None, 'sgd__penalty': 'l1', 'vect': TfidfVectorizer(), 'vect__max_df': 0.8}",0.6630434782608695,0.6823123839830284,0.6703792097586847,0.6719116906675277,0.007940783136623983,11,sgd,,,l1
3,6.327381372451782,0.08615057167333469,0.9546536604563395,0.08925238362824961,,,TfidfVectorizer(),1.0,"{'preproc': None, 'sgd__penalty': 'l1', 'vect': TfidfVectorizer(), 'vect__max_df': 1.0}",0.6688759278897137,0.6817820206841687,0.6709095730575444,0.673855840543809,0.005665814262177175,9,sgd,,,l1
4,5.424501021703084,0.06968741933488688,1.0820261637369792,0.12411954861909129,,,TfidfVectorizer(),0.4,"{'preproc': None, 'sgd__penalty': 'l2', 'vect': TfidfVectorizer(), 'vect__max_df': 0.4}",0.746288441145281,0.75470697427738,0.7496685229382126,0.7502213127869579,0.0034590082862692296,3,sgd,,,l2
5,4.808717568715413,0.45769847023822663,1.4111958344777424,0.32273727296910243,,,TfidfVectorizer(),0.6,"{'preproc': None, 'sgd__penalty': 'l2', 'vect': TfidfVectorizer(), 'vect__max_df': 0.6}",0.7489395546129375,0.7523203394325113,0.7499337045876425,0.7503978662110304,0.0014186874235327012,2,sgd,,,l2
6,4.838352521260579,0.20788399123137286,1.6148974895477295,0.05665815664645799,,,TfidfVectorizer(),0.8,"{'preproc': None, 'sgd__penalty': 'l2', 'vect': TfidfVectorizer(), 'vect__max_df': 0.8}",0.7444326617179216,0.7560328825245293,0.7512596128347918,0.750575052359081,0.0047604445152522505,1,sgd,,,l2
7,5.112492799758911,0.20314487481994675,1.5415808359781902,0.0711393535213951,,,TfidfVectorizer(),1.0,"{'preproc': None, 'sgd__penalty': 'l2', 'vect': TfidfVectorizer(), 'vect__max_df': 1.0}",0.7441675503711559,0.7525855210819411,0.7494033412887828,0.7487188042472933,0.0034705427954704574,4,sgd,,,l2
8,15.327666203180948,0.45683295984207123,6.907832860946655,0.21060265525880364,,FunctionTransformer(func=<function text_preproc at 0x7f643d9a1f80>),TfidfVectorizer(),0.4,"{'preproc': FunctionTransformer(func=<function text_preproc at 0x7f643d9a1f80>), 'sgd__penalty': 'l1', 'vect': TfidfVectorizer(), 'vect__max_df': 0.4}",0.6431601272534464,0.6579156722354813,0.6595067621320605,0.6535275205403294,0.007359575369925864,14,sgd,,,l1
9,15.968657652537027,0.5580552158120736,6.965915282567342,0.48128428905639276,,FunctionTransformer(func=<function text_preproc at 0x7f643d9a1f80>),TfidfVectorizer(),0.6,"{'preproc': FunctionTransformer(func=<function text_preproc at 0x7f643d9a1f80>), 'sgd__penalty': 'l1', 'vect': TfidfVectorizer(), 'vect__max_df': 0.6}",0.6399787910922587,0.664280031821798,0.6592415804826306,0.6545001344655624,0.010472139482083958,13,sgd,,,l1
10,15.874801317850748,0.7440625133936786,6.814844131469727,0.4599588517081904,,FunctionTransformer(func=<function text_preproc at 0x7f643d9a1f80>),TfidfVectorizer(),0.8,"{'preproc': FunctionTransformer(func=<function text_preproc at 0x7f643d9a1f80>), 'sgd__penalty': 'l1', 'vect': TfidfVectorizer(), 'vect__max_df': 0.8}",0.6434252386002121,0.6507557677008751,0.6563245823389021,0.6501685295466632,0.005282480712035608,16,sgd,,,l1
11,15.63629404703776,0.4637321686614271,6.5843751430511475,0.2932736988826848,,FunctionTransformer(func=<function text_preproc at 0x7f643d9a1f80>),TfidfVectorizer(),1.0,"{'preproc': FunctionTransformer(func=<function text_preproc at 0x7f643d9a1f80>), 'sgd__penalty': 'l1', 'vect': TfidfVectorizer(), 'vect__max_df': 1.0}",0.644220572640509,0.6613630336780695,0.6526120392468842,0.6527318818551542,0.006998893450355195,15,sgd,,,l1
12,14.90705943107605,0.32757662259259135,6.618631919225057,0.16597705944726554,,FunctionTransformer(func=<function text_preproc at 0x7f643d9a1f80>),TfidfVectorizer(),0.4,"{'preproc': FunctionTransformer(func=<function text_preproc at 0x7f643d9a1f80>), 'sgd__penalty': 'l2', 'vect': TfidfVectorizer(), 'vect__max_df': 0.4}",0.7213679745493107,0.728188809334394,0.7273932643861045,0.7256500160899364,0.0030452293573085187,6,sgd,,,l2
13,14.703789075215658,0.36478708447570685,6.098026514053345,0.5155708732146214,,FunctionTransformer(func=<function text_preproc at 0x7f643d9a1f80>),TfidfVectorizer(),0.6,"{'preproc': FunctionTransformer(func=<function text_preproc at 0x7f643d9a1f80>), 'sgd__penalty': 'l2', 'vect': TfidfVectorizer(), 'vect__max_df': 0.6}",0.7200424178154825,0.7287191726332538,0.724476266242376,0.7244126188970373,0.003542556212713815,8,sgd,,,l2
14,14.692313512166342,0.2370831061368174,6.291533708572388,0.14735893200422986,,FunctionTransformer(func=<function text_preproc at 0x7f643d9a1f80>),TfidfVectorizer(),0.8,"{'preproc': FunctionTransformer(func=<function text_preproc at 0x7f643d9a1f80>), 'sgd__penalty': 'l2', 'vect': TfidfVectorizer(), 'vect__max_df': 0.8}",0.7213679745493107,0.7271280827366746,0.726332537788385,0.7249428650247901,0.0025486080351102033,7,sgd,,,l2
15,14.18178097407023,0.43223259436565564,6.579858938852946,0.2857148800057939,,FunctionTransformer(func=<function text_preproc at 0x7f643d9a1f80>),TfidfVectorizer(),1.0,"{'preproc': FunctionTransformer(func=<function text_preproc at 0x7f643d9a1f80>), 'sgd__penalty': 'l2', 'vect': TfidfVectorizer(), 'vect__max_df': 1.0}",0.7200424178154825,0.7289843542826836,0.7295147175815434,0.7261804965599032,0.0043456744249675775,5,sgd,,,l2
16,27.51924967765808,0.63210819170273,1.4051106770833333,0.13097373423054398,,,CountVectorizer(),,"{'preproc': None, 'sgd__penalty': 'l1', 'vect': CountVectorizer()}",0.5835100742311771,0.5855210819411297,0.5749138159639353,0.5813149907120807,0.004600167867921988,19,sgd,,,l1
17,6.934796492258708,0.1940562423039602,1.5807832876841228,0.12362013318094475,,,CountVectorizer(),,"{'preproc': None, 'sgd__penalty': 'l2', 'vect': CountVectorizer()}",0.5906680805938495,0.6306019623442057,0.6189339697692919,0.6134013375691157,0.016765763571629733,17,sgd,,,l2
18,26.30304209391276,1.4096941498768292,3.559359868367513,0.5696541580371776,,FunctionTransformer(func=<function text_preproc at 0x7f643d9a1f80>),CountVectorizer(),,"{'preproc': FunctionTransformer(func=<function text_preproc at 0x7f643d9a1f80>), 'sgd__penalty': 'l1', 'vect': CountVectorizer()}",0.5556733828207847,0.5706709095730575,0.5574118271015646,0.5612520398318023,0.006697854259954936,20,sgd,,,l1
19,13.099365790685018,3.3530532535595037,4.780382871627808,1.6502968921305494,,FunctionTransformer(func=<function text_preproc at 0x7f643d9a1f80>),CountVectorizer(),,"{'preproc': FunctionTransformer(func=<function text_preproc at 0x7f643d9a1f80>), 'sgd__penalty': 'l2', 'vect': CountVectorizer()}",0.598356309650053,0.6009016176080615,0.6030230708035004,0.600760332687205,0.0019078148036392032,18,sgd,,,l2
0,2.9960598945617676,0.3218852082053425,1.5903974374135335,0.08812966957471557,,,TfidfVectorizer(),0.4,"{'preproc': None, 'vect': TfidfVectorizer(), 'vect__max_df': 0.4}",0.6519088016967126,0.6573853089366216,0.656589763988332,0.6552946248738888,0.0024160673116333216,1,nc,,,
1,3.1684811115264893,0.22522886168764306,1.6051680246988933,0.12450900763017202,,,TfidfVectorizer(),0.6,"{'preproc': None, 'vect': TfidfVectorizer(), 'vect__max_df': 0.6}",0.6370625662778366,0.64147440997083,0.6393529567753912,0.6392966443413526,0.0018015677451453116,6,nc,,,
2,3.3824707667032876,0.15937193429898489,1.5391218662261963,0.11205636809015984,,,TfidfVectorizer(),0.8,"{'preproc': None, 'vect': TfidfVectorizer(), 'vect__max_df': 0.8}",0.6137327677624602,0.6298064173959163,0.6199946963670114,0.6211779605084625,0.006615166344903127,7,nc,,,
3,3.5129276116689048,0.05024498794014695,1.5566988786061604,0.1099005403016366,,,TfidfVectorizer(),1.0,"{'preproc': None, 'vect': TfidfVectorizer(), 'vect__max_df': 1.0}",0.587221633085896,0.6101829753381066,0.607531158843808,0.6016452557559369,0.01025633790640844,8,nc,,,
4,13.969730377197266,0.36688484667013227,6.946873823801677,0.34623453367634366,,FunctionTransformer(func=<function text_preproc at 0x7f643d9a1f80>),TfidfVectorizer(),0.4,"{'preproc': FunctionTransformer(func=<function text_preproc at 0x7f643d9a1f80>), 'vect': TfidfVectorizer(), 'vect__max_df': 0.4}",0.6399787910922587,0.6549986740917528,0.6526120392468842,0.6491965014769653,0.006590328521044042,2,nc,,,
5,13.890976985295614,0.39408631383421633,6.824587106704712,0.27366983241657933,,FunctionTransformer(func=<function text_preproc at 0x7f643d9a1f80>),TfidfVectorizer(),0.6,"{'preproc': FunctionTransformer(func=<function text_preproc at 0x7f643d9a1f80>), 'vect': TfidfVectorizer(), 'vect__max_df': 0.6}",0.6399787910922587,0.6549986740917528,0.6526120392468842,0.6491965014769653,0.006590328521044042,2,nc,,,
6,13.922757228215536,0.35235425109122215,6.873163064320882,0.44781810920466053,,FunctionTransformer(func=<function text_preproc at 0x7f643d9a1f80>),TfidfVectorizer(),0.8,"{'preproc': FunctionTransformer(func=<function text_preproc at 0x7f643d9a1f80>), 'vect': TfidfVectorizer(), 'vect__max_df': 0.8}",0.6399787910922587,0.6549986740917528,0.6526120392468842,0.6491965014769653,0.006590328521044042,2,nc,,,
7,13.96610951423645,0.35695796397362156,6.584371010462443,0.2625349503324194,,FunctionTransformer(func=<function text_preproc at 0x7f643d9a1f80>),TfidfVectorizer(),1.0,"{'preproc': FunctionTransformer(func=<function text_preproc at 0x7f643d9a1f80>), 'vect': TfidfVectorizer(), 'vect__max_df': 1.0}",0.6399787910922587,0.6549986740917528,0.6526120392468842,0.6491965014769653,0.006590328521044042,2,nc,,,
8,3.5756967862447104,0.07443033349207406,1.5156231721242268,0.08103180803747215,,,CountVectorizer(),,"{'preproc': None, 'vect': CountVectorizer()}",0.1352067868504772,0.14558472553699284,0.13948554760010606,0.14009235332919204,0.004258447505833402,10,nc,,,
9,11.300619761149088,1.1366166878173039,3.4713357289632163,1.491001786742506,,FunctionTransformer(func=<function text_preproc at 0x7f643d9a1f80>),CountVectorizer(),,"{'preproc': FunctionTransformer(func=<function text_preproc at 0x7f643d9a1f80>), 'vect': CountVectorizer()}",0.37725344644750797,0.38451339167329623,0.37655794219040045,0.37944159343706824,0.0035975254972149848,9,nc,,,
0,3.319284677505493,0.20054029985835067,1.5561710993448894,0.08883349029500806,,,TfidfVectorizer(),0.4,"{'preproc': None, 'vect': TfidfVectorizer(), 'vect__max_df': 0.4}",0.7534464475079533,0.7639883320074251,0.7647838769557147,0.7607395521570309,0.005167220691241194,1,cnb,,,
1,3.7579637368520102,0.16438901983497317,1.6566742261250813,0.11450053361649609,,,TfidfVectorizer(),0.6,"{'preproc': None, 'vect': TfidfVectorizer(), 'vect__max_df': 0.6}",0.7534464475079533,0.7634579687085654,0.7645186953062848,0.7604743705076012,0.004988323799668711,2,cnb,,,
2,3.702303727467855,0.07404501561236929,1.612359921137492,0.13260366462326362,,,TfidfVectorizer(),0.8,"{'preproc': None, 'vect': TfidfVectorizer(), 'vect__max_df': 0.8}",0.7515906680805938,0.7623972421108459,0.7634579687085654,0.7591486263000018,0.0053617991112134425,4,cnb,,,
3,3.6823854446411133,0.11134179079973251,1.5253554979960124,0.05363573252824105,,,TfidfVectorizer(),1.0,"{'preproc': None, 'vect': TfidfVectorizer(), 'vect__max_df': 1.0}",0.7521208907741251,0.7618668788119862,0.7637231503579952,0.7592369733147022,0.005088576032405647,3,cnb,,,
4,13.907576163609823,0.3990786566670286,5.997608343760173,0.4946803183364998,,FunctionTransformer(func=<function text_preproc at 0x7f643d9a1f80>),TfidfVectorizer(),0.4,"{'preproc': FunctionTransformer(func=<function text_preproc at 0x7f643d9a1f80>), 'vect': TfidfVectorizer(), 'vect__max_df': 0.4}",0.7348886532343585,0.7417130734553169,0.7459559798461947,0.7408525688452899,0.004559004329980577,5,cnb,,,
5,14.050578673680624,0.24117093042904741,5.738930304845174,0.31570243587607183,,FunctionTransformer(func=<function text_preproc at 0x7f643d9a1f80>),TfidfVectorizer(),0.6,"{'preproc': FunctionTransformer(func=<function text_preproc at 0x7f643d9a1f80>), 'vect': TfidfVectorizer(), 'vect__max_df': 0.6}",0.7348886532343585,0.7417130734553169,0.7459559798461947,0.7408525688452899,0.004559004329980577,5,cnb,,,
6,13.83363159497579,0.19336766106362524,5.519392251968384,0.6491602499800393,,FunctionTransformer(func=<function text_preproc at 0x7f643d9a1f80>),TfidfVectorizer(),0.8,"{'preproc': FunctionTransformer(func=<function text_preproc at 0x7f643d9a1f80>), 'vect': TfidfVectorizer(), 'vect__max_df': 0.8}",0.7348886532343585,0.7417130734553169,0.7459559798461947,0.7408525688452899,0.004559004329980577,5,cnb,,,
7,13.199759483337402,0.6308871866926161,4.843127886454265,0.8334301999373364,,FunctionTransformer(func=<function text_preproc at 0x7f643d9a1f80>),TfidfVectorizer(),1.0,"{'preproc': FunctionTransformer(func=<function text_preproc at 0x7f643d9a1f80>), 'vect': TfidfVectorizer(), 'vect__max_df': 1.0}",0.7348886532343585,0.7417130734553169,0.7459559798461947,0.7408525688452899,0.004559004329980577,5,cnb,,,
8,3.6536343892415366,0.15505184271661002,1.562829891840617,0.03563884594211512,,,CountVectorizer(),,"{'preproc': None, 'vect': CountVectorizer()}",0.704931071049841,0.7096260938743039,0.718907451604349,0.7111548721761647,0.0058073330467199,9,cnb,,,
9,11.849806070327759,1.5096480435591801,2.8101209799448648,0.3422354142306154,,FunctionTransformer(func=<function text_preproc at 0x7f643d9a1f80>),CountVectorizer(),,"{'preproc': FunctionTransformer(func=<function text_preproc at 0x7f643d9a1f80>), 'vect': CountVectorizer()}",0.6948568398727466,0.7048528241845664,0.7204985415009282,0.7067360685194138,0.010552540689828313,10,cnb,,,
